{"purpose": 7.019461077844311, "direct": 7.897887323943662, "indirect": 7.720634920634921, "before": 5.569852941176471, "after": 6.201492537313433}